date,strategy_return,benchmark_return,turnover,strategy_growth,benchmark_growth,strategy_return_net_10bps,strategy_net_growth_10bps
2016-08-31,-0.03510264591090795,0.0011975479761727748,1.0,0.964897354089092,1.0011975479761728,-0.03610264591090795,0.963897354089092
2016-09-30,0.003429557408368422,5.793105380558217e-05,1.0,0.9682065249581234,1.0012555484051946,0.002429557408368422,0.9662391980466258
2016-10-31,-0.00580439651180531,-0.01733702664295078,1.0,0.9625866703819493,0.9838967542860915,-0.00680439651180531,0.9596645234178678
2016-11-30,-0.0036592837897290176,0.03683845406186559,1.0,0.9590642925828115,1.0201419896704782,-0.004659283789729018,0.9551931740603289
2016-12-31,0.008872501182303483,0.020271768100451393,0.0,0.9675735916526574,1.0408220715146113,0.008872501182303483,0.9636681266265074
2017-01-31,0.02540333141009099,0.017894653735580857,1.0,0.9921531842650619,1.0594472220847153,0.02440333141009099,0.9871848392899154
2017-02-28,0.018693508392900737,0.039291695064984866,1.0,1.010700008142164,1.1010746992723133,0.017693508392900736,1.0046516025292358
2017-03-31,-0.015596528800947251,0.0012498420838016333,0.0,0.9949365963560571,1.102450868768873,-0.015596528800947251,0.9889825248754708
2017-04-30,0.01708380439669943,0.009926236117166587,1.0,1.011933898555322,1.1133940563998483,0.01608380439669943,1.0048891263573219
2017-05-31,0.024768058300737916,0.014112926531922643,0.0,1.0369975363512332,1.1291073049188987,0.024768058300737916,1.0297782788247176
2017-06-30,0.006113186793320624,0.006374941927409283,1.0,1.0433368959951614,1.1363052984175703,0.005113186793320624,1.0350437275200528
2017-07-31,0.04238013889894998,0.020554281941190577,0.0,1.0875536585658356,1.1596612378925137,0.04238013889894998,1.0789090244588395
2017-08-31,0.011534090553984355,0.002917729988851425,0.0,1.100097600946051,1.1630448162632212,0.011534090553984355,1.0913532588464587
2017-09-30,0.01158549583255164,0.020149323240074457,0.0,1.1128427771172116,1.1864793822088018,0.01158549583255164,1.103997127478666
2017-10-31,0.024799127814460697,0.023563849738422737,0.0,1.1404403073843405,1.2144374040889065,0.024799127814460697,1.1313752933498067
2017-11-30,0.0015021824199022427,0.030566023379536622,0.0,1.142153456765041,1.2515579261752718,0.0015021824199022427,1.1330748254257885
2017-12-31,0.02487182911638508,0.012128111471121361,1.0,1.1705609023663897,1.266736960216491,0.02387182911638508,1.1601233940344309
2018-01-31,0.056239810781836375,0.056358594967750975,1.0,1.2363930260240912,1.3381284754880123,0.055239810781836374,1.2242083908044747
2018-02-28,-0.04767234696157241,-0.03636006589834573,1.0,1.1774512687066023,1.2894740359388153,-0.04867234696157241,1.164623295253971
2018-03-31,-0.0022595348859496545,-0.02741048981460925,1.0,1.174790776488454,1.2541289210105113,-0.0032595348859496545,1.160827164994101
2018-04-30,0.002994533232651919,0.005168348102845943,1.0,1.1783087265100616,1.2606106958401402,0.001994533232651919,1.1631424733520468
2018-05-31,0.025537071107196496,0.024308743862143878,1.0,1.208399280245179,1.291254558355197,0.024537071107196495,1.1916825829284865
2018-06-30,-0.006830661592253373,0.005750831587946648,0.0,1.2001451136935017,1.2986803458574663,-0.006830661592253373,1.1835426024791196
2018-07-31,0.00636275671715536,0.037046818186005304,0.0,1.2077813450772164,1.3467923205121863,0.00636275671715536,1.1910731961230832
2018-08-31,0.01664328568313167,0.03191957868481565,1.0,1.2278827950460933,1.3897813639588805,0.01564328568313167,1.2097054943995573
2018-09-30,-0.01034909780402532,0.005945627493620709,1.0,1.2151753159082814,1.3980444862465562,-0.011349097804025321,1.1959764284295498
2018-10-31,-0.049177697575591484,-0.06910418787973283,0.0,1.15541579172122,1.3014337574047496,-0.049177697575591484,1.1371610613247052
2018-11-30,0.03264026321442837,0.018549009081815893,0.0,1.1931288672851077,1.325574063990232,0.03264026321442837,1.1742782976835422
2018-12-31,-0.0837836267921459,-0.08804815758355133,0.0,1.0931642035535565,1.2088597099153515,-0.0837836267921459,1.075893003040308
2019-01-31,0.017695844181558007,0.08006521929784127,2.0,1.1125086669644972,1.3056473276900489,0.015695844181558005,1.0927800519720572
2019-02-28,0.0004306713993031952,0.03241615018651545,1.0,1.1129877926288358,1.347971387555072,-0.0005693286006968048,1.0921579010341986
2019-03-31,0.0052912717184429026,0.018100378364304337,1.0,1.1188769134589451,1.3723701796940753,0.0042912717184429025,1.0968446473469806
2019-04-30,-0.010760665621865784,0.04085235316927127,2.0,1.1068370531211882,1.4284347309539138,-0.012760665621865784,1.0828481795630525
2019-05-31,-0.03595762352002663,-0.0637708662484262,1.0,1.0670378230670408,1.337342210781645,-0.03695762352002663,1.042828684213415
2019-06-30,0.010836555196688913,0.06958620898133705,2.0,1.0786008373336615,1.43040278534066,0.008836555196688913,1.0520436974421572
2019-07-31,0.016083825331100976,0.01511962042620163,2.0,1.0959488648033153,1.4520299325115924,0.014083825331100976,1.0668604971176183
2019-08-31,0.04687373457663191,-0.016743454946437586,1.0,1.147320081001667,1.4277179347557059,0.04587373457663191,1.1158013723926854
2019-09-30,-0.03037352456230563,0.01945784053648003,1.0,1.1124719263405365,1.455498242661255,-0.03137352456230563,1.080794750629269
2019-10-31,0.007251499651128812,0.022104681276752247,0.0,1.1205390161262856,1.4876715674141552,0.007251499651128812,1.088632133386399
2019-11-30,-0.0180782898457032,0.036198153983213244,0.0,1.1002815870093354,1.541522531887861,-0.0180782898457032,1.0689515261436935
2019-12-31,0.032807135884236005,0.02905549283463249,1.0,1.1363786745452733,1.5863122287675533,0.031807135884236004,1.1029518125894073
2020-01-31,0.005941025242674258,-0.0004040140102572476,1.0,1.1431299289359833,1.5856713364024888,0.004941025242674258,1.1084015253368649
2020-02-29,0.029951291139852676,-0.07916567981082334,2.0,1.1773681462482242,1.4601405870996491,0.027951291139852674,1.1393827790714124
2020-03-31,0.0504975419930469,-0.1248711420302433,1.0,1.2368223436546697,1.277811164463806,0.0494975419930469,1.1957794260246541
2020-04-30,0.007470927769047786,0.12698402449715696,0.0,1.2460625540472583,1.4400727686748185,0.007470927769047786,1.2047130077441979
2020-05-31,0.004131314066283476,0.0476447797611006,1.0,1.251210429804263,1.5086847185782886,0.0031313140662834757,1.208485342531182
2020-06-30,0.015371644636503756,0.017734501342107523,0.0,1.2704435918967012,1.5354404897447322,0.015371644636503756,1.2270617497649947
2020-07-31,0.07612788522732261,0.05889204243205182,0.0,1.3671597758484006,1.6258657162186694,0.07612788522732261,1.3204753658179418
2020-08-31,-0.02685056157725424,0.06979688090225,0.0,1.330450768101038,1.7393460719766352,-0.02685056157725424,1.2850198606967997
2020-09-30,-0.03957884766309072,-0.037443651948556145,1.0,1.277793059827125,1.6742186030394537,-0.04057884766309072,1.2328752355255383
2020-10-31,-0.005435810409398889,-0.02493370221777136,1.0,1.270847219011459,1.6324741349438148,-0.006435810409398889,1.224940684251253
2020-11-30,0.0959446573681274,0.10877713697263092,1.0,1.3927782200067509,1.8100499975248752,0.0949446573681274,1.3412422578137677
2020-12-31,0.05417118222012096,0.037047996772125114,1.0,1.4682266627549523,1.8771087239905617,0.05317118222012096,1.4125576943053102
2021-01-31,0.010774978995051254,-0.010190190756868778,0.0,1.4840467742061112,1.8579806280217153,0.010774978995051254,1.4277779737907481
2021-02-28,0.015128554539017625,0.027805348528231022,1.0,1.5064982567681415,1.9096424269425607,0.014128554539017624,1.447950412763059
2021-03-31,-0.007215511047304279,0.04539944073303004,1.0,1.4956281019536863,1.9963391251258191,-0.00821551104730428,1.4360547601510552
2021-04-30,0.04513227346951809,0.05291032361762449,0.0,1.5631291984597564,2.1019660742867514,0.04513227346951809,1.5008671763033958
2021-05-31,0.02330002947149412,0.006566134515362698,1.0,1.5995501548516216,2.1157678662772472,0.02230002947149412,1.5343365585677597
2021-06-30,0.030660853784554964,0.02242729555985301,0.0,1.6485937282705894,2.1632188175502867,0.030660853784554964,1.5813806274463031
2021-07-31,0.02859771161314506,0.024412584369425838,0.0,1.6957397362789113,2.216028579443263,0.02859771161314506,1.6266044945806268
2021-08-31,0.002567334581671188,0.0297599412887668,0.0,1.7000932675453742,2.2819774598617237,0.002567334581671188,1.6307805325502656
2021-09-30,-0.05171004762954906,-0.046605552722635335,1.0,1.612181363705927,2.1756246390442726,-0.05271004762954906,1.5448220130061998
2021-10-31,0.06465418287713698,0.07016346986235344,1.0,1.7164156324260822,2.328274012837649,0.06365418287713698,1.6431563959347235
2021-11-30,-0.05434037002798231,-0.008034704935967918,0.0,1.6231449718382356,2.3095670181344166,-0.05434037002798231,1.5538666693657848
2021-12-31,0.013054789050828575,0.04624771793917537,2.0,1.6443347870444969,2.416379222150719,0.011054789050828575,1.571044337608737
2022-01-31,-0.0684790814549136,-0.05274118387053561,1.0,1.5317322512233287,2.2889365212943265,-0.0694790814549136,1.4618896201067388
2022-02-28,0.017578662180637805,-0.02951705356871248,1.0,1.5586580550187714,2.2213738593798995,0.016578662180637804,1.4861257942638695
2022-03-31,0.05223625615556737,0.03759031218690101,1.0,1.6400765164396705,2.304875996237811,0.05123625615556737,1.5622693161381689
2022-04-30,0.017852736934700908,-0.08776903890540255,0.0,1.6693563710404484,2.102579245251886,0.017852736934700908,1.5901600992603386
2022-05-31,0.006757938489647286,0.002257370179436835,0.0,1.6806377787132405,2.10732554494002,0.006757938489647286,1.6009063033998314
2022-06-30,-0.04532985503171483,-0.08246041331842979,0.0,1.604454711843346,1.9335546095077807,-0.04532985503171483,1.5283374527473585
2022-07-31,-0.02288814398699579,0.09208732504682349,0.0,1.5677317213780617,2.1116104813293077,-0.02288814398699579,1.4933566450681586
2022-08-31,-0.022185080441213034,-0.04080185087231036,0.0,1.532951467029048,2.0254528653697017,-0.022185080441213034,1.4602264077699014
2022-09-30,-0.09954317744689323,-0.09244600260760782,1.0,1.3803566071291002,1.8382078444961476,-0.10054317744689323,1.3134106049408527
2022-10-31,0.01803319447269125,0.08127563769452162,1.0,1.4052488462671235,1.987609359272644,0.01703319447269125,1.3357821831973054
2022-11-30,0.045856991330957664,0.05559150717499772,1.0,1.4696893304282332,2.0981035592297417,0.04485699133095766,1.3957013530090345
2022-12-31,-0.03787866124283362,-0.057628321267792826,1.0,1.414019466148735,1.9771933732653506,-0.03887866124283362,1.3414383529092317
2023-01-31,0.07646217443126535,0.06288764715872497,0.0,1.5221384692186042,2.101534412487831,0.07646217443126535,1.4440076462381666
2023-02-28,-0.042211901412902986,-0.025142885140141735,1.0,1.4578861102191614,2.0486957741365943,-0.04321190141290299,1.3816093301894448
2023-03-31,0.05522591504173879,0.03707786046244155,0.0,1.538399204682656,2.1246570301800247,0.05522591504173879,1.457909969679361
2023-04-30,0.01899296402346662,0.015974841370329118,0.0,1.5676179654309235,2.158598089203505,0.01899296402346662,1.4856000012829345
2023-05-31,-0.026745306880326725,0.004616277697360394,0.0,1.52569154187436,2.16856277742026,-0.026745306880326725,1.4458671733472086
2023-06-30,0.01124348111170137,0.06479971566276754,0.0,1.542845625907707,2.309085028793954,0.01124348111170137,1.4621237536007672
2023-07-31,0.029883818236507098,0.032733403517056336,1.0,1.588951744159323,2.38466924079666,0.028883818236507097,1.5043554703390511
2023-08-31,-0.027800897751317555,-0.016251942403619823,0.0,1.544777459188172,2.345913733643549,-0.027800897751317555,1.46253303772652
2023-09-30,-0.04752023374632253,-0.04743460636152308,1.0,1.4713692732414998,2.2346362391300763,-0.04852023374632253,1.39157059287431
2023-10-31,-0.019868608088620898,-0.021708441369235443,1.0,1.4421352137978254,2.186125769351352,-0.0208686080886209,1.3625304515439662
2023-11-30,0.03343196254662312,0.0913436898661879,0.0,1.4903486242526804,2.3858145636354635,0.03343196254662312,1.4080825185686174
2023-12-31,0.006371193990694801,0.04565525434007034,0.0,1.4998439244515593,2.4947395343464844,0.006371193990694801,1.417053685449324
2024-01-31,-0.017330964323152565,0.015926587106046775,1.0,1.4738501829065924,2.534472220847152,-0.018330964323152565,1.3910777248973605
2024-02-29,0.028375154189609897,0.0521867603597006,1.0,1.515670909098952,2.666738115274821,0.027375154189609896,1.4291586921061574
2024-03-31,0.03324421000891098,0.03270189842569571,1.0,1.5660581911054345,2.7539455142484695,0.03224421000891098,1.4752407851104892
2024-04-30,-0.005212299096045203,-0.040319571262241616,1.0,1.5578954274115815,2.6429076118343975,-0.006212299096045203,1.4660761481146984
2024-05-31,0.05059081916896957,0.050579787626914285,1.0,1.6367106332639256,2.7765853175585367,0.04959081916896957,1.538780065263794
2024-06-30,0.016966547557780653,0.035280092518306994,1.0,1.6644799620615234,2.8745435044469745,0.015966547557780653,1.5633490703567932
2024-07-31,0.032890424358512194,0.012108885367641875,0.0,1.7192254143499672,2.9093510222266223,0.032890424358512194,1.6147682847013136
2024-08-31,0.022144172434283127,0.023365854599201263,0.0,1.757296238378735,2.977330495190007,0.022144172434283127,1.6505259920391513
2024-09-30,0.04179262904852388,0.02100466450108729,1.0,1.830738268197664,3.0398683233503294,0.040792629048523876,1.7178552865673513
2024-10-31,0.004713799696758503,-0.008923646360100457,0.0,1.8393680016911385,3.0127416134514795,0.004713799696758503,1.7259529122962476
2024-11-30,0.005675137686221077,0.059633309413379854,0.0,1.8498066683563652,3.1924013662689967,0.005675137686221077,1.7357479327134633
2024-12-31,-0.05389111939503316,-0.024060172916501865,1.0,1.7501185163342439,3.1155916373776877,-0.05489111939503316,1.6404707856992065
2025-01-31,0.04735637261857617,0.026856666500718607,1.0,1.832997780920438,3.199266042935168,0.04635637261857617,1.7165170607109674
2025-02-28,0.0027606508486750503,-0.012694940179009073,0.0,1.8380580477999555,3.158651551903371,0.0027606508486750503,1.7212557649913844
2025-03-31,0.019373326232501764,-0.05571920643497963,0.0,1.8736673459942594,2.9826539940266983,0.019373326232501764,1.7546022144561368
2025-04-30,-0.015766745243779523,-0.008670166230189347,1.0,1.8441257102783795,2.9567938880913487,-0.016766745243779524,1.7251832461221794
2025-05-31,0.02367303633389567,0.06284493303163585,1.0,1.8877817652220708,3.1426134019767997,0.02267303633389567,1.7642983885441357
2025-06-30,0.01400673331169433,0.051386230006752465,0.0,1.9142234209582156,3.3041004570730825,0.01400673331169433,1.7890104455547253
2025-07-31,-0.013527014861534625,0.023031446515753284,0.0,1.8883296922946162,3.3801986700328372,-0.013527014861534625,1.764810474670266
2025-08-31,0.03832282151145561,0.02051948404438786,1.0,1.9606958140472048,3.449558602709437,0.037322821511455606,1.8306781810179316
2025-09-30,0.09429146805297761,0.03562043418529992,0.0,2.1455727007590437,3.572433377885584,0.09429146805297761,2.003295514238667
2025-10-31,0.03558358691060348,0.02383739357630099,0.0,2.221919873429522,3.657590878339357,0.03558358691060348,2.0745799542772008
2025-11-30,-0.007885795230555992,0.0019500049129079766,1.0,2.2043982682889536,3.6647231985215263,-0.008885795230555993,2.056145661614077
2025-12-31,0.02166331058926607,0.0007975029584423865,1.0,2.2521528326373375,3.6676458261142195,0.02066331058926607,2.098632438036781
2026-01-31,0.10148674153418069,0.014737818820090842,0.0,2.480716485058676,3.7216989257957533,0.10148674153418069,2.311615805851067
2026-02-28,0.07304204966047523,-0.008642046247570145,0.0,2.6619131017538917,3.6895358315594944,0.07304204966047523,2.4804609623379803
2026-03-31,-0.10151661017324792,-0.04937956664344334,0.0,2.3916847070880807,3.5073481510816302,-0.10151661017324792,2.228652973774356
2026-04-30,0.02942886828950153,0.10505268686597247,1.0,2.4620692813229907,3.8758044981271564,0.02842886828950153,2.292011055628793
2026-05-31,0.009976194806380512,0.05262575303750272,1.0,2.4866313641002744,4.079771628467238,0.00897619480638051,2.312584593362495
2026-06-30,-0.046622162923805666,-0.010292566443839024,0.0,2.3706992315117463,4.03778030790555,-0.046622162923805666,2.2047668976756656
2026-07-31,0.020751215785588972,0.00034817917005858234,0.0,2.4198941228275763,4.039186178902035,0.020751215785588972,2.2505184913262566
