date,ticker,close,volume,daily_return,abs_return
2024-01-02,SPY,471.82432128721496,89167663.66363831,-0.017032663984968822,0.017032663984968822
2024-01-03,SPY,465.6828540127041,88357729.99436504,-0.013016427931811325,0.013016427931811325
2024-01-04,SPY,459.50740244500474,93673133.837219,-0.01326106708564987,0.01326106708564987
2024-01-05,SPY,458.05252328937144,86392710.65902236,-0.003166171312784098,0.003166171312784098
2024-01-08,SPY,447.62000339359673,81897913.49701576,-0.022775815796967035,0.022775815796967035
2024-01-09,SPY,446.93112875926016,79734820.73251978,-0.001538971960846078,0.001538971960846078
2024-01-10,SPY,442.8093992603814,83323672.26651622,-0.00922229228096346,0.00922229228096346
2024-01-11,SPY,446.92132816080056,85593899.79589178,0.009286001849299789,0.009286001849299789
2024-01-12,SPY,451.35410500831586,79696114.07531208,0.00991847237579234,0.00991847237579234
2024-01-15,SPY,457.7960936146042,98853179.42394021,0.014272582291390865,0.014272582291390865
2024-01-16,SPY,461.4697704447765,98812523.13615003,0.008024701130947078,0.008024701130947078
2024-01-17,SPY,461.3865684661336,96148310.2121256,-0.00018029778757267732,0.00018029778757267732
2024-01-18,SPY,465.51502774656325,106853327.73753712,0.008947939889439096,0.008947939889439096
2024-01-19,SPY,472.686199029134,106019896.87884684,0.015404811563838433,0.015404811563838433
2024-01-22,SPY,469.76218804172294,78982408.8890668,-0.0061859453341704855,0.0061859453341704855
2024-01-23,SPY,472.7938037049272,77671263.03313486,0.00645351145830187,0.00645351145830187
2024-01-24,SPY,472.7575223230033,76313281.00533696,-7.673827710852376e-05,7.673827710852376e-05
2024-01-25,SPY,479.7307748479263,94377310.58861347,0.014750167254152393,0.014750167254152393
2024-01-26,SPY,475.88383765454876,83184476.64152656,-0.008018950200968435,0.008018950200968435
2024-01-29,SPY,474.6153854198103,91784569.61031134,-0.002665466095655266,0.002665466095655266
2024-01-30,SPY,476.5012155152031,100234008.74903668,0.003973385931694391,0.003973385931694391
2024-01-31,SPY,477.89788950035796,77533131.77571139,0.0029311026702099757,0.0029311026702099757
2024-02-01,SPY,470.23026654968913,100086190.13904998,-0.01604447962447648,0.01604447962447648
2024-02-02,SPY,472.08840605152403,78426233.0119536,0.00395155232237386,0.00395155232237386
2024-02-05,SPY,471.6942230927847,69122117.463529,-0.0008349769951697288,0.0008349769951697288
2024-02-06,SPY,470.7284393161942,69685762.10621923,-0.0020474784920156202,0.0020474784920156202
2024-02-07,SPY,470.1621451801793,77642653.40704459,-0.0012030166200229313,0.0012030166200229313
2024-02-08,SPY,471.35622399692573,64829215.63750517,0.0025397170507821917,0.0025397170507821917
2024-02-09,SPY,462.95950467264805,95531704.61027595,-0.017813956614546406,0.017813956614546406
2024-02-12,SPY,470.30883203269025,106556915.96440597,0.015874665679968664,0.015874665679968664
2024-02-13,SPY,466.42200385161533,73586279.9900371,-0.008264416732885683,0.008264416732885683
2024-02-14,SPY,456.13101867512023,88723900.15412161,-0.022063678581872873,0.022063678581872873
2024-02-15,SPY,455.9167534378739,96595914.95647071,-0.00046974493834841044,0.00046974493834841044
2024-02-16,SPY,462.7212217031472,92117353.1655402,0.014924804175244145,0.014924804175244145
2024-02-19,SPY,460.48349738149005,84673131.16463263,-0.004836009711032398,0.004836009711032398
2024-02-20,SPY,467.78803483874646,86136946.76821858,0.015862756209056684,0.015862756209056684
2024-02-21,SPY,475.2349490411306,100475961.417229,0.01591942001028577,0.01591942001028577
2024-02-22,SPY,471.3012776866492,88046096.59324254,-0.008277319171113764,0.008277319171113764
2024-02-23,SPY,459.8480872349178,82188924.19953774,-0.02430120815277355,0.02430120815277355
2024-02-26,SPY,454.3290697844136,64770169.03836184,-0.012001827568078488,0.012001827568078488
2024-02-27,SPY,459.88293472988954,62949258.99290273,0.012224322225543146,0.012224322225543146
2024-02-28,SPY,456.28769791494005,91306901.76982956,-0.007817721736209069,0.007817721736209069
2024-02-29,SPY,449.5543630660269,85490037.732151,-0.014756774902505407,0.014756774902505407
2024-03-01,SPY,443.6980423213886,103862695.86082195,-0.013026946740539473,0.013026946740539473
2024-03-04,SPY,443.85413593257994,85258307.6166886,0.0003518014422029519,0.0003518014422029519
2024-03-05,SPY,443.89360129529496,68717535.06396797,8.891516270798284e-05,8.891516270798284e-05
2024-03-06,SPY,447.91991563345357,88096448.12182094,0.009070449149097206,0.009070449149097206
2024-03-07,SPY,452.50683939721324,98916968.95283788,0.010240499704668804,0.010240499704668804
2024-03-08,SPY,448.44672620399535,76304335.58017814,-0.008972490224957446,0.008972490224957446
2024-03-11,SPY,447.9007033057317,75903632.55229287,-0.0012175869871669845,0.0012175869871669845
2024-03-12,SPY,442.9785672948969,106171450.89656395,-0.010989346465649663,0.010989346465649663
2024-03-13,SPY,443.4520700625678,65360237.668986104,0.0010689067206172676,0.0010689067206172676
2024-03-14,SPY,438.50488408222617,75670283.33296484,-0.011156078219780655,0.011156078219780655
2024-03-15,SPY,433.39519909972205,98144697.73238593,-0.01165251555452681,0.01165251555452681
2024-03-18,SPY,442.7496961377882,94312622.82810321,0.021584219339526374,0.021584219339526374
2024-03-19,SPY,443.0480602365228,70079748.8691768,0.0006738888842552009,0.0006738888842552009
2024-03-20,SPY,446.0527174235686,70370722.81304413,0.0067817861237033554,0.0067817861237033554
2024-03-21,SPY,457.5300926635314,99808634.24984595,0.025730983786528484,0.025730983786528484
2024-03-22,SPY,461.2856772941811,97866819.7108232,0.008208388236905652,0.008208388236905652
2024-03-25,SPY,460.9206038068308,88831513.52252564,-0.0007914260193201425,0.0007914260193201425
2024-03-26,SPY,461.33354235243957,84573466.90892658,0.0008958995154441833,0.0008958995154441833
2024-03-27,SPY,458.06041792777285,100479522.73884761,-0.007094919671299763,0.007094919671299763
2024-03-28,SPY,463.2334703101468,89608323.81008519,0.01129338440936761,0.01129338440936761
2024-03-29,SPY,461.865640608429,73890787.43491131,-0.002952786854546604,0.002952786854546604
2024-04-01,SPY,470.16880949674845,114936941.97617361,0.017977455255994958,0.017977455255994958
2024-04-02,SPY,468.71242145013315,70484406.83633506,-0.003097585414426272,0.003097585414426272
2024-04-03,SPY,467.2189961906177,,-0.0031862293192379968,0.0031862293192379968
2024-04-04,SPY,465.423111959596,81435342.50096725,-0.0038437740024787627,0.0038437740024787627
2024-04-05,SPY,468.4981339751819,99382293.77681136,0.006606938797342934,0.006606938797342934
2024-04-08,SPY,469.53790031907334,74128370.73235752,0.0022193606942873356,0.0022193606942873356
2024-04-09,SPY,476.14163351408234,85005890.97522828,0.014064324073778507,0.014064324073778507
2024-04-10,SPY,473.6735551535962,66954920.13963528,-0.0051834962262611185,0.0051834962262611185
2024-04-11,SPY,475.21412223556894,85203472.34264532,0.003252381445430594,0.003252381445430594
2024-04-12,SPY,484.5899150245103,96044610.04085161,0.019729617345617723,0.019729617345617723
2024-04-15,SPY,483.5946560822235,87740383.24627729,-0.0020538168695409635,0.0020538168695409635
2024-04-16,SPY,452.16100343687896,104149198.81251508,-0.065,0.065
2024-04-17,SPY,459.42669829805857,91558991.81088579,0.016068822401651174,0.016068822401651174
2024-04-18,SPY,462.13017531597484,74910547.36422682,0.0058844577991031925,0.0058844577991031925
2024-04-19,SPY,459.35968103157796,78699836.03799011,-0.005995051681060726,0.005995051681060726
2024-04-22,SPY,450.0468524547382,90495785.70645873,-0.020273500181657408,0.020273500181657408
2024-04-23,SPY,460.97472650926045,109302969.36471568,0.024281636444999304,0.024281636444999304
2024-04-24,SPY,463.1197077487194,78354675.58870162,0.004653142821303654,0.004653142821303654
2024-04-25,SPY,469.11955734680527,89095709.12766705,0.012955288876070316,0.012955288876070316
2024-04-26,SPY,467.04926917857614,74497004.91835698,-0.004413135491383076,0.004413135491383076
2024-04-29,SPY,475.7059420209058,84370964.12276793,0.018534817231498083,0.018534817231498083
2024-04-30,SPY,478.3439187081889,76362163.09965912,0.005545393601930505,0.005545393601930505
2024-05-01,SPY,478.74954212150334,78915615.69703665,0.0008479744331439895,0.0008479744331439895
2024-05-02,SPY,474.59965878749165,92977607.26938301,-0.008668171912232379,0.008668171912232379
2024-05-03,SPY,476.5131720956552,71988207.03912501,0.004031847205816066,0.004031847205816066
2024-05-06,SPY,474.3615720151535,89897719.34198438,-0.004515300324310426,0.004515300324310426
2024-05-07,SPY,473.4708671841303,72241348.01281807,-0.001877691793707828,0.001877691793707828
2024-05-08,SPY,465.95446595038123,92447529.3605373,-0.015875108173922826,0.015875108173922826
2024-05-09,SPY,463.8317920676272,77177888.99269554,-0.004555539302374794,0.004555539302374794
2024-05-10,SPY,464.73570298728026,78109129.31954058,0.0019487903483797983,0.0019487903483797983
2024-05-13,SPY,459.0854176826272,82718593.04408321,-0.01215806160003097,0.01215806160003097
2024-05-14,SPY,459.5853456784134,91841828.63005146,0.0010889650956670456,0.0010889650956670456
2024-05-15,SPY,462.79460201587295,86356669.99274552,0.006982938789578444,0.006982938789578444
2024-05-16,SPY,461.5369116798851,92535247.43415648,-0.002717599406971191,0.002717599406971191
2024-05-17,SPY,458.8333015588977,79535629.12226866,-0.005857841599596035,0.005857841599596035
2024-05-20,SPY,456.1485569306688,80735429.04776311,-0.005851241876096136,0.005851241876096136
2024-05-21,SPY,460.6012159729902,103462323.79510257,0.009761423059808347,0.009761423059808347
2024-05-22,SPY,453.6944775007671,72340580.18618387,-0.014995050452989107,0.014995050452989107
2024-05-23,SPY,452.49013918886817,73131670.42143868,-0.0026545139331057527,0.0026545139331057527
2024-05-24,SPY,450.75074398296005,80190236.83234236,-0.0038440510748503566,0.0038440510748503566
2024-05-27,SPY,451.55757448355297,100504781.49388707,0.0017899704245933283,0.0017899704245933283
2024-05-28,SPY,451.4014706372872,74324130.86107843,-0.0003457008698046126,0.0003457008698046126
2024-05-29,SPY,446.56016207361057,94331049.31909738,-0.010725061566240967,0.010725061566240967
2024-05-30,SPY,455.82668505069154,110460024.1224518,0.02075089487170476,0.02075089487170476
2024-05-31,SPY,456.79582623203174,78688329.33145016,0.002126117695879159,0.002126117695879159
2024-06-03,SPY,450.8253297071583,85265320.838697,-0.013070383269747214,0.013070383269747214
2024-06-04,SPY,446.9643107832097,103315683.99747778,-0.00856433449836664,0.00856433449836664
2024-06-05,SPY,447.5569178582112,75324884.02090752,0.001325848755045005,0.001325848755045005
2024-06-06,SPY,450.45695214301634,73475205.281877,0.006479699383674597,0.006479699383674597
2024-06-07,SPY,444.5687812793177,96152538.93730459,-0.013071550645818924,0.013071550645818924
2024-06-10,SPY,447.8867620247464,78879761.0329528,0.007463368741009568,0.007463368741009568
2024-06-11,SPY,441.89272894816565,101925006.16601503,-0.013382920829103489,0.013382920829103489
2024-06-12,SPY,438.53704488549045,89608023.29506528,-0.0075938883870362885,0.0075938883870362885
2024-06-13,SPY,442.43169791794776,68631299.54939035,0.008881012625681963,0.008881012625681963
2024-06-14,SPY,450.11229993532464,92490906.69760954,0.017359972292946564,0.017359972292946564
2024-06-17,SPY,449.88855869111904,80141553.06772104,-0.0004970787162175421,0.0004970787162175421
2024-06-18,SPY,448.65344086222194,75064099.61539744,-0.0027453861740571574,0.0027453861740571574
2024-06-19,SPY,454.49894272355766,99358761.93421923,0.013028991486395131,0.013028991486395131
2024-06-20,SPY,449.78588464619435,69155840.79229341,-0.0103697888693,0.0103697888693
2024-06-21,SPY,451.1933628707403,70111876.53861971,0.0031292183071799256,0.0031292183071799256
2024-06-24,SPY,452.4036690885077,76540384.70047782,0.002682455721570765,0.002682455721570765
2024-06-25,SPY,457.1282190487906,94115837.59875458,0.010443217602107074,0.010443217602107074
2024-06-26,SPY,458.653100218502,67814162.19033325,0.0033357843733305263,0.0033357843733305263
2024-06-27,SPY,457.5918029300576,75050347.61925444,-0.0023139433439756368,0.0023139433439756368
2024-06-28,SPY,460.5641114637667,76483647.55056897,0.006495545843865188,0.006495545843865188
2024-07-01,SPY,455.53675545774894,71561544.38451988,-0.010915648616302042,0.010915648616302042
2024-07-02,SPY,459.4046106841748,80590375.5004799,0.00849076431283613,0.00849076431283613
2024-07-03,SPY,456.47509539965733,72487282.26014367,-0.006376765092005993,0.006376765092005993
2024-07-04,SPY,452.4792680677205,80063471.18325138,-0.008753659010549775,0.008753659010549775
2024-07-05,SPY,450.97411211658255,84342636.84119277,-0.0033264639009110346,0.0033264639009110346
2024-07-08,SPY,451.33940764831374,71755987.52265202,0.0008100144152770579,0.0008100144152770579
2024-07-09,SPY,454.7045306804396,75428665.73354796,0.007455859105367411,0.007455859105367411
2024-07-10,SPY,453.896654077215,71563755.56918792,-0.0017767067374844263,0.0017767067374844263
2024-07-11,SPY,457.39493931223893,75745236.2691953,0.0077072285146849405,0.0077072285146849405
2024-07-12,SPY,462.015005486458,70567406.36675526,0.010100824860821719,0.010100824860821719
2024-07-15,SPY,461.68808917605327,69393939.40170474,-0.0007075880794402147,0.0007075880794402147
2024-07-16,SPY,457.3179939082942,86094477.34009707,-0.00946547110530414,0.00946547110530414
2024-07-17,SPY,461.6842424363503,76385901.89271283,0.009547510892238407,0.009547510892238407
2024-07-18,SPY,463.11753307527084,120493219.26393554,0.0031044824734692304,0.0031044824734692304
2024-07-19,SPY,453.48379209160225,82662446.85006514,-0.02080193535255952,0.02080193535255952
2024-07-22,SPY,449.1607825630978,89706883.59497875,-0.009532886519638156,0.009532886519638156
2024-07-23,SPY,449.96101500515465,67232904.80373129,0.001781616902282403,0.001781616902282403
2024-07-24,SPY,443.94546138335687,84265983.86047454,-0.013369055142985772,0.013369055142985772
2024-07-25,SPY,441.075708499437,77892602.831677,-0.006464201424601893,0.006464201424601893
2024-07-26,SPY,433.67480152899094,88101004.86950454,-0.01677922140764525,0.01677922140764525
2024-07-29,SPY,435.5711036314785,96305060.80293034,0.004372636122278133,0.004372636122278133
2024-07-30,SPY,436.7755352941348,79535632.68678604,0.0027651780676325906,0.0027651780676325906
2024-07-31,SPY,437.697680269699,69872582.23180494,0.0021112560137856616,0.0021112560137856616
2024-08-01,SPY,444.1864348543585,89190766.33836077,0.014824740630704988,0.014824740630704988
2024-08-02,SPY,442.77569131575905,72497887.96082613,-0.003176016708078728,0.003176016708078728
2024-08-05,SPY,441.6502432424497,79942540.05682226,-0.0025418018544897157,0.0025418018544897157
2024-08-06,SPY,450.72581691617233,110519088.07452503,0.02054923282073355,0.02054923282073355
2024-08-07,SPY,445.0202456887086,97374248.63828894,-0.012658629733039814,0.012658629733039814
2024-08-08,SPY,448.4209253191092,95793791.54275787,0.007641629034512065,0.007641629034512065
2024-08-09,SPY,442.6807045956438,92795623.88155667,-0.01280096534161614,0.01280096534161614
2024-08-12,SPY,443.88150163463166,81210650.37209149,0.0027125578922278398,0.0027125578922278398
2024-08-13,SPY,453.428427847604,76349407.80220325,0.0215078262505082,0.0215078262505082
2024-08-14,SPY,454.8175331549931,77098675.87468533,0.0030635602491513136,0.0030635602491513136
2024-08-15,SPY,451.4663339996397,78841161.01194249,-0.007368227720041365,0.007368227720041365
2024-08-16,SPY,462.3882800531559,101453674.4994507,0.02419216059092654,0.02419216059092654
2024-08-19,SPY,460.035549650068,93350931.25031947,-0.005088213747150858,0.005088213747150858
2024-08-20,SPY,459.2479848910618,85743662.9197369,-0.0017119649983686363,0.0017119649983686363
2024-08-21,SPY,460.8065442389255,74407351.68354797,0.003393720602243637,0.003393720602243637
2024-08-22,SPY,454.78119823851705,109034304.868001,-0.013075651975299016,0.013075651975299016
2024-08-23,SPY,460.0116289947124,102497483.04477914,0.01150098283845983,0.01150098283845983
2024-08-26,SPY,467.6194165889912,86960297.4804906,0.01653825058923951,0.01653825058923951
2024-08-27,SPY,471.33121966123633,86466342.37854302,0.007937658147988282,0.007937658147988282
2024-08-28,SPY,473.05328024536277,88598410.55196193,0.003653610268728072,0.003653610268728072
2024-08-29,SPY,472.51259128286176,81651696.41084696,-0.0011429768803644328,0.0011429768803644328
2024-08-30,SPY,476.86790796719936,84160674.01471765,0.009217355822229123,0.009217355822229123
2024-09-02,SPY,462.01309934091427,103400802.55481331,-0.03115078280190504,0.03115078280190504
2024-09-03,SPY,461.5983489702428,80603302.51514472,-0.0008977026219888077,0.0008977026219888077
2024-09-04,SPY,462.94218053268474,83656399.69021714,0.0029112572985581712,0.0029112572985581712
2024-09-05,SPY,453.9123535221386,74937215.47087745,-0.019505301936747398,0.019505301936747398
2024-09-06,SPY,456.00564904013385,68093892.69773534,0.004611673380890406,0.004611673380890406
2024-09-09,SPY,455.5838210845031,99227134.89055015,-0.0009250498464628504,0.0009250498464628504
2024-01-02,TLT,93.99712435768609,31592709.207687493,-0.010556585708567415,0.010556585708567415
2024-01-03,TLT,94.32711083073062,40373008.69089168,0.0035106017902082794,0.0035106017902082794
2024-01-04,TLT,94.54808517910796,41599113.09107735,0.0023426387857238334,0.0023426387857238334
2024-01-05,TLT,94.70480442693382,37217760.92862715,0.0016575613089251148,0.0016575613089251148
2024-01-08,TLT,94.25446100643371,38679475.68274184,-0.004755233097466899,0.004755233097466899
2024-01-09,TLT,94.93407751053972,45975925.29950359,0.0072104439073671055,0.0072104439073671055
2024-01-10,TLT,95.17683599812626,45507889.39202793,0.002557126944848475,0.002557126944848475
2024-01-11,TLT,94.95839298592729,36986880.98121719,-0.0022951279048955796,0.0022951279048955796
2024-01-12,TLT,94.0325017971717,26889136.51348918,-0.009750493449197309,0.009750493449197309
2024-01-15,TLT,93.89070520817315,39015353.72599739,-0.001507952955504817,0.001507952955504817
2024-01-16,TLT,93.50643916215458,37132574.14972262,-0.0040926952797571865,0.0040926952797571865
2024-01-17,TLT,92.69216388946501,40824674.16621029,-0.008708226727332475,0.008708226727332475
2024-01-18,TLT,92.94872131420082,33956324.4586385,0.0027678437310165727,0.0027678437310165727
2024-01-19,TLT,93.33722809429328,32347998.38290315,0.004179796931031921,0.004179796931031921
2024-01-22,TLT,93.89241605964095,39238770.88894376,0.005948194270209021,0.005948194270209021
2024-01-23,TLT,93.98344211725151,34415552.334046885,0.0009694718852770764,0.0009694718852770764
2024-01-24,TLT,93.83602581877832,36261735.146512546,-0.0015685347881732909,0.0015685347881732909
2024-01-25,TLT,94.60019226245663,39361127.95461156,0.008143636060995354,0.008143636060995354
2024-01-26,TLT,95.12834019138188,37257103.34978595,0.005582947732917468,0.005582947732917468
2024-01-29,TLT,96.683236081056,33209963.35708906,0.01634524355776567,0.01634524355776567
2024-01-30,TLT,97.08350836626832,39022293.88968478,0.004140038143497327,0.004140038143497327
2024-01-31,TLT,96.46949623106248,34854970.972503796,-0.0063245771144707485,0.0063245771144707485
2024-02-01,TLT,97.14663900558739,36191507.56666462,0.007019242361368244,0.007019242361368244
2024-02-02,TLT,98.75919424477956,41539122.35465458,0.0165991871226694,0.0165991871226694
2024-02-05,TLT,98.97603426031918,30162979.932083786,0.002195643830408033,0.002195643830408033
2024-02-06,TLT,98.87778046575194,34475609.51773413,-0.0009927028830923074,0.0009927028830923074
2024-02-07,TLT,98.49403598998907,29152428.95883699,-0.0038809980761630764,0.0038809980761630764
2024-02-08,TLT,99.843727044024,36202260.14740918,0.01370327695955217,0.01370327695955217
2024-02-09,TLT,99.74626652569108,37014798.020588726,-0.000976130611489819,0.000976130611489819
2024-02-12,TLT,99.60873471666,35013190.26303835,-0.0013788166095989195,0.0013788166095989195
2024-02-13,TLT,99.85702676370342,34673385.34703109,0.0024926734362172532,0.0024926734362172532
2024-02-14,TLT,98.89837544726454,,-0.009600238936688687,0.009600238936688687
2024-02-15,TLT,98.7469300315419,33891437.053194955,-0.0015313235939188343,0.0015313235939188343
2024-02-16,TLT,97.9077002044517,30771610.934959948,-0.008498794107544779,0.008498794107544779
2024-02-19,TLT,97.84935295262899,40085267.48998158,-0.0005959413988978386,0.0005959413988978386
2024-02-20,TLT,98.23079219519275,36973022.10467567,0.00389822958510954,0.00389822958510954
2024-02-21,TLT,98.91052434542823,40418362.169972315,0.00691974619205769,0.00691974619205769
2024-02-22,TLT,98.66299636936404,33966462.80223004,-0.002502544372323255,0.002502544372323255
2024-02-23,TLT,99.274460549453,34703582.803385876,0.006197502636143704,0.006197502636143704
2024-02-26,TLT,99.04571290908548,32553718.600256898,-0.0023041942419173784,0.0023041942419173784
2024-02-27,TLT,97.94143446456032,29952153.49024698,-0.011149179627176672,0.011149179627176672
2024-02-28,TLT,98.38032583912566,34100907.179349355,0.004481161389607126,0.004481161389607126
2024-02-29,TLT,98.28436807987546,32740394.72563303,-0.0009753754974050355,0.0009753754974050355
2024-03-01,TLT,98.40753877001423,42578265.69106947,0.001253207326302903,0.001253207326302903
2024-03-04,TLT,96.64759702951542,31269984.85961186,-0.01788421662096366,0.01788421662096366
2024-03-05,TLT,96.84232392458577,35506419.216183595,0.002014813622431641,0.002014813622431641
2024-03-06,TLT,97.06289615745456,34658823.87440072,0.002277642914068798,0.002277642914068798
2024-03-07,TLT,97.28420611214638,35056656.30862696,0.002280067496984691,0.002280067496984691
2024-03-08,TLT,98.04912794884733,36063107.278376505,0.007862754575179239,0.007862754575179239
2024-03-11,TLT,97.85761424048695,36197497.90887491,-0.0019532423425561523,0.0019532423425561523
2024-03-12,TLT,99.39065826760434,42737902.68150736,0.015666067878477883,0.015666067878477883
2024-03-13,TLT,99.95934419678841,29650871.397753965,0.005721724144867982,0.005721724144867982
2024-03-14,TLT,100.4059668864238,39580519.913581945,0.00446804341529219,0.00446804341529219
2024-03-15,TLT,98.7140882556968,37524517.99521188,-0.016850379346884926,0.016850379346884926
2024-03-18,TLT,97.41582400812335,33664530.34192823,-0.013151762534751671,0.013151762534751671
2024-03-19,TLT,98.50602273809632,29924959.658703003,0.011191187274482683,0.011191187274482683
2024-03-20,TLT,98.84440099854064,28519314.50318602,0.003435102250996268,0.003435102250996268
2024-03-21,TLT,99.56011169896146,36061580.31371023,0.0072407814017851225,0.0072407814017851225
2024-03-22,TLT,99.36746699973752,30669966.846331917,-0.0019349586489663076,0.0019349586489663076
2024-03-25,TLT,99.35859560750131,30258040.922903564,-8.927863921717536e-05,8.927863921717536e-05
2024-03-26,TLT,99.84505871149646,33726881.03694968,0.004896034419778202,0.004896034419778202
2024-03-27,TLT,99.3712076730598,35829259.960025996,-0.004745863686713519,0.004745863686713519
2024-03-28,TLT,100.37530715602357,35012429.5279907,0.010104531347423581,0.010104531347423581
2024-03-29,TLT,99.6796123642908,31671915.191665422,-0.006930935619966511,0.006930935619966511
2024-04-01,TLT,99.92109232469846,32647935.041586537,0.002422561190598898,0.002422561190598898
2024-04-02,TLT,99.82133589571032,34129594.358648755,-0.0009983520662883046,0.0009983520662883046
2024-04-03,TLT,100.16199703659531,31254996.756129652,0.0034127086942705165,0.0034127086942705165
2024-04-04,TLT,101.13344716658713,41211884.96339937,0.00969878954826436,0.00969878954826436
2024-04-05,TLT,100.43842915141674,42271410.304191716,-0.006872286416041462,0.006872286416041462
2024-04-08,TLT,100.85935897324947,41643170.426973574,0.004190923985859459,0.004190923985859459
2024-04-09,TLT,101.0492291918853,33798125.87255719,0.0018825245427765936,0.0018825245427765936
2024-04-10,TLT,101.75263749867277,34912752.11606647,0.006961045743869575,0.006961045743869575
2024-04-11,TLT,101.84469299505098,31281473.559434596,0.0009046988720996036,0.0009046988720996036
2024-04-12,TLT,101.60395520909762,41598326.53546118,-0.002363773495444365,0.002363773495444365
2024-04-15,TLT,102.07245472288716,33848017.14168967,0.004611036182847306,0.004611036182847306
2024-04-16,TLT,103.13884699797421,48350204.033531815,0.01044740501227442,0.01044740501227442
2024-04-17,TLT,103.84427545643481,28511076.7414792,0.0068396000051702795,0.0068396000051702795
2024-04-18,TLT,104.07502823954951,36243565.17259727,0.002222104031256976,0.002222104031256976
2024-04-19,TLT,104.5035153985329,37963585.32553009,0.004117098656914606,0.004117098656914606
2024-04-22,TLT,103.49438490097023,37128213.38443308,-0.009656426328954236,0.009656426328954236
2024-04-23,TLT,103.22093486582689,37971830.5842968,-0.0026421726686428524,0.0026421726686428524
2024-04-24,TLT,103.1571609348079,44347378.80953996,-0.0006178391147288379,0.0006178391147288379
2024-04-25,TLT,102.88798092169222,35243196.393606335,-0.0026094166481161777,0.0026094166481161777
2024-04-26,TLT,102.50172714941128,39404173.0842792,-0.0037541194687738303,0.0037541194687738303
2024-04-29,TLT,102.585685896946,33175478.15287164,0.0008190959300847766,0.0008190959300847766
2024-04-30,TLT,102.99187257496554,30796270.647966377,0.003959486886187643,0.003959486886187643
2024-05-01,TLT,104.50934817896209,33842537.54380756,0.01473393546555834,0.01473393546555834
2024-05-02,TLT,104.11651646567445,39515993.860392176,-0.0037588189012043626,0.0037588189012043626
2024-05-03,TLT,103.57321404154008,37512313.94932199,-0.005218215539447889,0.005218215539447889
2024-05-06,TLT,104.41453804015384,31012142.62893421,0.00812298823010684,0.00812298823010684
2024-05-07,TLT,104.64759318033164,36749697.33730749,0.002232018113111384,0.002232018113111384
2024-05-08,TLT,104.11614950091405,38802735.24897878,-0.005078412826005323,0.005078412826005323
2024-05-09,TLT,105.35138857342824,40035976.30727481,0.011864048742057624,0.011864048742057624
2024-05-10,TLT,105.31761527423944,40018661.44257401,-0.00032057763685992174,0.00032057763685992174
2024-05-13,TLT,105.19652129833973,29554942.548810508,-0.0011497979287168271,0.0011497979287168271
2024-05-14,TLT,104.8627267706754,31872955.580313608,-0.003173056708954327,0.003173056708954327
2024-05-15,TLT,104.30383013168911,31862692.65322337,-0.005329793113319823,0.005329793113319823
2024-05-16,TLT,104.49331224231928,35993685.56764633,0.001816636171375025,0.001816636171375025
2024-05-17,TLT,103.90790920723492,42452716.083058484,-0.005602301453769761,0.005602301453769761
2024-05-20,TLT,105.80697682525498,37401069.49830057,0.01827644914144615,0.01827644914144615
2024-05-21,TLT,106.16726010745302,37298020.1853116,0.0034050994840640145,0.0034050994840640145
2024-05-22,TLT,106.09438704827191,38987823.7086743,-0.0006863986044977733,0.0006863986044977733
2024-05-23,TLT,105.62890433955424,34126814.12992861,-0.004387439540094494,0.004387439540094494
2024-05-24,TLT,105.92427923933823,39287216.30912664,0.0027963453907889897,0.0027963453907889897
2024-05-27,TLT,106.7663340877338,36428044.651867375,0.007949592430012262,0.007949592430012262
2024-05-28,TLT,107.04881053375533,44046554.05411346,0.0026457445451805034,0.0026457445451805034
2024-05-29,TLT,106.29309814796227,43446636.37766103,-0.0070595122171372895,0.0070595122171372895
2024-05-30,TLT,106.21881514970724,33364456.228241626,-0.0006988506267041174,0.0006988506267041174
2024-05-31,TLT,105.04663638858054,35404895.55546285,-0.011035509664409257,0.011035509664409257
2024-06-03,TLT,106.19421258567053,47051522.01609316,0.010924444956475767,0.010924444956475767
2024-06-04,TLT,106.7946996113358,32855806.432956863,0.005654611593648172,0.005654611593648172
2024-06-05,TLT,107.04239682440351,40946266.27582279,0.0023193774032717984,0.0023193774032717984
2024-06-06,TLT,107.35391954794441,34083540.538326845,0.0029102741790425855,0.0029102741790425855
2024-06-07,TLT,107.01982597955303,31223986.546030432,-0.0031120761104783236,0.0031120761104783236
2024-06-10,TLT,107.00284711345992,43209313.18714211,-0.0001586515950451947,0.0001586515950451947
2024-06-11,TLT,107.81500185016911,38951780.509410754,0.007590029224624534,0.007590029224624534
2024-06-12,TLT,107.87477243684344,31144115.089056768,0.0005543809826893218,0.0005543809826893218
2024-06-13,TLT,108.41246987961121,35322943.69627498,0.004984459578652349,0.004984459578652349
2024-06-14,TLT,108.67315229715999,32711124.55136187,0.0024045427416076507,0.0024045427416076507
2024-06-17,TLT,108.94367619833895,31826618.469268147,0.0024893351804062087,0.0024893351804062087
2024-06-18,TLT,109.28133442714346,35431045.71119887,0.003099383466643766,0.003099383466643766
2024-06-19,TLT,110.17259416316512,42314845.9380776,0.008155644700841758,0.008155644700841758
2024-06-20,TLT,110.04478331092238,29891697.50169742,-0.0011600966030938073,0.0011600966030938073
2024-06-21,TLT,110.66586303885285,38737888.12397046,0.005643881602053471,0.005643881602053471
2024-06-24,TLT,110.15255507706685,30459796.262894817,-0.004638358638253089,0.004638358638253089
2024-06-25,TLT,109.8035944790572,35577132.12717275,-0.0031679755205453073,0.0031679755205453073
2024-06-26,TLT,109.35265967044427,30365838.38676369,-0.004106739954664345,0.004106739954664345
2024-06-27,TLT,110.1056753599553,31329102.793300126,0.006886121396410203,0.006886121396410203
2024-06-28,TLT,109.9749264978665,32550049.64857811,-0.001187485219643136,0.001187485219643136
2024-07-01,TLT,111.0215939745171,42075926.64313785,0.009517328267283727,0.009517328267283727
2024-07-02,TLT,110.33375877882787,40357933.751046285,-0.0061955081985864205,0.0061955081985864205
2024-07-03,TLT,110.73624034834629,35295324.84248828,0.003647855144001932,0.003647855144001932
2024-07-04,TLT,109.94646506671836,35353051.04863103,-0.007132039873699052,0.007132039873699052
2024-07-05,TLT,110.91615427241214,37653164.181029215,0.008819648772749062,0.008819648772749062
2024-07-08,TLT,110.48526988212882,50350757.54658365,-0.003884775785004776,0.003884775785004776
2024-07-09,TLT,110.94499720952618,37519153.30835416,0.004160982978887745,0.004160982978887745
2024-07-10,TLT,110.51839103507788,35353430.42071273,-0.003845204246953359,0.003845204246953359
2024-07-11,TLT,110.03347124879177,34014588.494048245,-0.004387684092615973,0.004387684092615973
2024-07-12,TLT,110.325836232633,34312594.12470722,0.002657054989932928,0.002657054989932928
2024-07-15,TLT,109.10767455992892,40572061.9707556,-0.011041490500334436,0.011041490500334436
2024-07-16,TLT,108.30237947691995,39409921.05863142,-0.007380737296959449,0.007380737296959449
2024-07-17,TLT,109.5521219780716,28383029.657446906,0.011539381749391637,0.011539381749391637
2024-07-18,TLT,109.02796742869593,46480633.602328226,-0.004784522106112978,0.004784522106112978
2024-07-19,TLT,109.75498272490132,38589998.305872746,0.006668154175036339,0.006668154175036339
2024-07-22,TLT,109.19948184636922,35791570.63324769,-0.005061281636064279,0.005061281636064279
2024-07-23,TLT,108.05038860564142,51762749.44263077,-0.010522881805835504,0.010522881805835504
2024-07-24,TLT,107.84099495283631,29440571.004292235,-0.0019379259575765465,0.0019379259575765465
2024-07-25,TLT,108.5968900061632,31570173.41223009,0.007009347916879622,0.007009347916879622
2024-07-26,TLT,108.68017741378087,40200560.246927604,0.0007669410018367533,0.0007669410018367533
2024-07-29,TLT,108.55816074397977,35246142.07679554,-0.0011227132003708696,0.0011227132003708696
2024-07-30,TLT,109.30974699364111,40768054.54053074,0.006923350990017809,0.006923350990017809
2024-07-31,TLT,108.83071219157239,41756888.508226275,-0.004382361273753349,0.004382361273753349
2024-08-01,TLT,109.48234876966417,45370164.911160514,0.005987616592499238,0.005987616592499238
2024-08-02,TLT,109.82240377890336,38705384.3269404,0.00310602588509167,0.00310602588509167
2024-08-05,TLT,109.13314672897832,33826294.23974268,-0.006276106023982908,0.006276106023982908
2024-08-06,TLT,109.93750485230373,30078539.874838993,0.007370429126569215,0.007370429126569215
2024-08-07,TLT,110.89905760018829,37725524.60523081,0.008746357752764628,0.008746357752764628
2024-08-08,TLT,110.80738625722343,28482358.989844695,-0.00082661967512254,0.00082661967512254
2024-08-09,TLT,110.9964725824144,35646452.81820648,0.0017064415250444185,0.0017064415250444185
2024-08-12,TLT,110.87426978193805,32020414.283738453,-0.0011009611173508197,0.0011009611173508197
2024-08-13,TLT,110.09781585528548,38407376.239835106,-0.007003012765537558,0.007003012765537558
2024-08-14,TLT,110.79957431232492,39711349.54172782,0.006373954393081117,0.006373954393081117
2024-08-15,TLT,110.10901766928413,36313964.446732655,-0.006232484622136088,0.006232484622136088
2024-08-16,TLT,110.60406783900716,30568215.10295049,0.00449600023868994,0.00449600023868994
2024-08-19,TLT,110.28104169696275,36320772.34331555,-0.0029205629445258176,0.0029205629445258176
2024-08-20,TLT,109.57533244010735,33489111.296762355,-0.006399189253168143,0.006399189253168143
2024-08-21,TLT,110.13151417202955,37583744.15837124,0.005075793242299584,0.005075793242299584
2024-08-22,TLT,110.39698204987776,33652024.58063444,0.002410462435243799,0.002410462435243799
2024-08-23,TLT,111.90804693962795,50714723.505271144,0.013687556142318279,0.013687556142318279
2024-08-26,TLT,111.93892261686713,32795450.01703841,0.00027590220796028795,0.00027590220796028795
2024-08-27,TLT,112.1420250872062,28083346.603961743,0.0018144043697315682,0.0018144043697315682
2024-08-28,TLT,112.31908885231505,31668450.158700865,0.001578924270104278,0.001578924270104278
2024-08-29,TLT,112.20942444122797,35548380.47755968,-0.000976364856656523,0.000976364856656523
2024-08-30,TLT,113.33020189387473,52242662.44156149,0.009988264873720877,0.009988264873720877
2024-09-02,TLT,114.61123435375526,44655653.504311286,0.011303539907924345,0.011303539907924345
2024-09-03,TLT,115.2469758663405,33813637.69718553,0.00554693888579002,0.00554693888579002
2024-09-04,TLT,114.52531501611594,36517233.47896722,-0.006261863661060578,0.006261863661060578
2024-09-05,TLT,114.97892050109782,31079583.05929091,0.003960744267920527,0.003960744267920527
2024-09-06,TLT,115.11947278521791,29563417.281743284,0.0012224178441363899,0.0012224178441363899
2024-09-09,TLT,114.85174383963293,39780937.05421206,-0.0023256616722392167,0.0023256616722392167
2024-01-02,GLD,190.65134295638944,12636187.544375893,0.003428120823102481,0.003428120823102481
2024-01-03,GLD,189.5178332536734,11949667.273130927,-0.005945458789531549,0.005945458789531549
2024-01-04,GLD,188.4445724841398,13331092.58223391,-0.005663112283987613,0.005663112283987613
2024-01-05,GLD,189.10994783182528,10290733.525180662,0.0035308809318001814,0.0035308809318001814
2024-01-08,GLD,190.16046839494462,11206980.058520725,0.005555078276757449,0.005555078276757449
2024-01-09,GLD,188.95164848534765,14637333.416255785,-0.0063568412499192956,0.0063568412499192956
2024-01-10,GLD,186.3685519630322,11966330.844697248,-0.013670674709756539,0.013670674709756539
2024-01-11,GLD,187.73428642071255,12892268.953423921,0.0073281379465309935,0.0073281379465309935
2024-01-12,GLD,186.64289275931375,13911652.14107565,-0.005813502062979511,0.005813502062979511
2024-01-15,GLD,183.9151805512188,13329643.870136878,-0.014614605291252629,0.014614605291252629
2024-01-16,GLD,183.65247391850676,12187793.225743923,-0.00142841190120745,0.00142841190120745
2024-01-17,GLD,183.98362243468816,14029460.57819769,0.001803125812115982,0.001803125812115982
2024-01-18,GLD,185.42592235332276,11855932.829402542,0.007839284277309034,0.007839284277309034
2024-01-19,GLD,184.79556290253612,13144258.89713242,-0.003399521721593485,0.003399521721593485
2024-01-22,GLD,185.22744945324786,11793100.537142176,0.0023371045490931342,0.0023371045490931342
2024-01-23,GLD,183.3562511123275,11207476.431018667,-0.010102165453574792,0.010102165453574792
2024-01-24,GLD,184.06273708171773,12378102.205464622,0.0038530781748882283,0.0038530781748882283
2024-01-25,GLD,181.79740679159082,15276940.223620776,-0.012307381309456338,0.012307381309456338
2024-01-26,GLD,182.7040341493543,12158840.0151007,0.004987020297835286,0.004987020297835286
2024-01-29,GLD,182.97168978007883,11142364.525073107,0.0014649683679437086,0.0014649683679437086
2024-01-30,GLD,180.74883634909372,12694843.84876765,-0.012148619459419384,0.012148619459419384
2024-01-31,GLD,179.85195534594692,11709045.675405895,-0.004962029196218935,0.004962029196218935
2024-02-01,GLD,182.27110433946078,13953255.896176185,0.013450779497284944,0.013450779497284944
2024-02-02,GLD,180.73572494765753,11260108.680246733,-0.008423602838021817,0.008423602838021817
2024-02-05,GLD,178.35576239863803,14597019.08875025,-0.013168191013197513,0.013168191013197513
2024-02-06,GLD,177.95868854968208,12803632.70381943,-0.002226302327527113,0.002226302327527113
2024-02-07,GLD,178.21374578208574,14038485.623765333,0.0014332384357421404,0.0014332384357421404
2024-02-08,GLD,179.40522219225278,11886997.877966411,0.0066856594306924574,0.0066856594306924574
2024-02-09,GLD,179.21208252532162,13536462.620936587,-0.0010765554345133555,0.0010765554345133555
2024-02-12,GLD,178.55941441275678,10915677.389585719,-0.0036418756111079764,0.0036418756111079764
2024-02-13,GLD,178.2418798345414,13062141.655707754,-0.00177831328165853,0.00177831328165853
2024-02-14,GLD,179.36768972471344,12195077.659796579,0.006316191745829533,0.006316191745829533
2024-02-15,GLD,179.12768402435998,10588041.306657968,-0.0013380654047661434,0.0013380654047661434
2024-02-16,GLD,179.94996007579306,13619122.010494813,0.004590446506980126,0.004590446506980126
2024-02-19,GLD,177.38035391752243,15720186.263297033,-0.014279559479692843,0.014279559479692843
2024-02-20,GLD,176.88542091980185,15168356.63518116,-0.0027902357098166025,0.0027902357098166025
2024-02-21,GLD,176.77880332400312,12727286.438634077,-0.0006027494818075285,0.0006027494818075285
2024-02-22,GLD,178.26892808980972,12350413.494943488,0.008429318095764516,0.008429318095764516
2024-02-23,GLD,178.94967146088962,14717960.139409605,0.0038186316503622405,0.0038186316503622405
2024-02-26,GLD,179.27937293613203,10847687.205377327,0.0018424257085852525,0.0018424257085852525
2024-02-27,GLD,180.86179862198685,12962288.450808803,0.008826590923087085,0.008826590923087085
2024-02-28,GLD,181.13411422118725,10152623.18921576,0.0015056557065960168,0.0015056557065960168
2024-02-29,GLD,185.74714638548198,14386879.897500854,0.0254674950885379,0.0254674950885379
2024-03-01,GLD,184.41231958529573,13001404.67158357,-0.007186257372783847,0.007186257372783847
2024-03-04,GLD,184.6246321710715,11522114.973346835,0.0011512928542582828,0.0011512928542582828
2024-03-05,GLD,187.39353402060965,15040087.551999437,0.014997467114640034,0.014997467114640034
2024-03-06,GLD,188.60642136557334,12354283.119353803,0.006472407659649063,0.006472407659649063
2024-03-07,GLD,189.11781830215185,12948478.348249795,0.0027114502935573657,0.0027114502935573657
2024-03-08,GLD,190.6941591795638,13551818.216212058,0.008335231928772724,0.008335231928772724
2024-03-11,GLD,190.0190198869982,12118589.925195383,-0.003540429845729308,0.003540429845729308
2024-03-12,GLD,190.2410888356427,8891527.959941026,0.0011686669512168384,0.0011686669512168384
2024-03-13,GLD,190.55683286696487,11549699.074960195,0.0016597047107680086,0.0016597047107680086
2024-03-14,GLD,193.58393778469681,13594093.886913328,0.01588557530154427,0.01588557530154427
2024-03-15,GLD,194.14493780600506,10831890.867234016,0.0028979678155538133,0.0028979678155538133
2024-03-18,GLD,197.44451621524382,13504255.643966762,0.016995438802199257,0.016995438802199257
2024-03-19,GLD,197.45639433140775,10026396.492675956,6.015926089825559e-05,6.015926089825559e-05
2024-03-20,GLD,197.9339720326167,13146704.028953476,0.0024186489519674474,0.0024186489519674474
2024-03-21,GLD,195.27376903587862,14136915.942083165,-0.013439850518938376,0.013439850518938376
2024-03-22,GLD,196.31530543263182,13056024.412626076,0.005333724042381759,0.005333724042381759
2024-03-25,GLD,193.24029844943723,12550143.486028299,-0.015663613065817695,0.015663613065817695
2024-03-26,GLD,194.34031295739467,12908038.358729929,0.0056924695148164815,0.0056924695148164815
2024-03-27,GLD,195.92949989862925,10888818.283171223,0.008177340650794182,0.008177340650794182
2024-03-28,GLD,196.61821236540712,11174182.853293814,0.0035151034792320793,0.0035151034792320793
2024-03-29,GLD,195.0073716122455,13329971.840921097,-0.008192734201895367,0.008192734201895367
2024-04-01,GLD,194.60894924188273,11199896.99051322,-0.0020431144067466606,0.0020431144067466606
2024-04-02,GLD,190.49550173728204,13341637.294088928,-0.02113699046536654,0.02113699046536654
2024-04-03,GLD,189.432704041935,12410167.348812753,-0.00557912226616653,0.00557912226616653
2024-04-04,GLD,189.83059211046753,13805379.269820381,0.002100419093655824,0.002100419093655824
2024-04-05,GLD,189.87327120937218,11055444.259593345,0.00022482729696064987,0.00022482729696064987
2024-04-08,GLD,189.34208938757186,11406385.288902141,-0.0027975597534979912,0.0027975597534979912
2024-04-09,GLD,191.36703765367045,11821031.067404242,0.010694654699587892,0.010694654699587892
2024-04-10,GLD,191.93510188652803,10009233.587538678,0.0029684539188281718,0.0029684539188281718
2024-04-11,GLD,191.95887908090182,12246129.836880447,0.00012388142731624207,0.00012388142731624207
2024-04-12,GLD,192.27641709206338,9431507.852347272,0.0016541980901426724,0.0016541980901426724
2024-04-15,GLD,190.64799039530976,11483540.031837292,-0.00846919617798969,0.00846919617798969
2024-04-16,GLD,190.39089462707284,14100622.184055822,-0.0013485364713460004,0.0013485364713460004
2024-04-17,GLD,187.39962401695863,13277805.789056432,-0.015711206231649583,0.015711206231649583
2024-04-18,GLD,183.24127897369067,10513598.38725493,-0.022189719243469085,0.022189719243469085
2024-04-19,GLD,182.72484548177886,10797066.99566756,-0.0028183250783026673,0.0028183250783026673
2024-04-22,GLD,184.0861889232374,15350896.59855384,0.007450237201564894,0.007450237201564894
2024-04-23,GLD,182.44903408970953,12259014.90569534,-0.008893414780891137,0.008893414780891137
2024-04-24,GLD,183.01532933982057,15240161.323418202,0.0031038544705727744,0.0031038544705727744
2024-04-25,GLD,180.43150653571922,12267957.71077288,-0.014118067669095336,0.014118067669095336
2024-04-26,GLD,180.38584099731986,8914574.728396725,-0.000253090711684059,0.000253090711684059
2024-04-29,GLD,180.40492134262618,12328521.002863,0.00010577518280151946,0.00010577518280151946
2024-04-30,GLD,180.3887844212362,11605655.658888567,-8.944834359214554e-05,8.944834359214554e-05
2024-05-01,GLD,178.28593256498505,13346358.048835034,-0.011657331485424798,0.011657331485424798
2024-05-02,GLD,179.07225756520472,10836061.2210097,0.004410471364211822,0.004410471364211822
2024-05-03,GLD,180.07110887329262,10892943.502708795,0.005577923245448371,0.005577923245448371
2024-05-06,GLD,180.85487109730897,11444217.709959907,0.00435251511983451,0.00435251511983451
2024-05-07,GLD,184.17019141479634,11837508.528012441,0.018331385255880326,0.018331385255880326
2024-05-08,GLD,183.6505276675528,13476023.608317867,-0.002821649601661721,0.002821649601661721
2024-05-09,GLD,183.9433511628643,13790084.697639963,0.0015944604082029884,0.0015944604082029884
2024-05-10,GLD,185.75775378536824,12419142.505728725,0.009863920663799586,0.009863920663799586
2024-05-13,GLD,183.76576298150988,14357722.662810266,-0.010723594376361657,0.010723594376361657
2024-05-14,GLD,182.42983868285708,11524300.672968218,-0.00726971268738037,0.00726971268738037
2024-05-15,GLD,184.0626453003513,12204560.286815027,0.008950326488709878,0.008950326488709878
2024-05-16,GLD,183.57058668786806,9936193.796787594,-0.002673321420977804,0.002673321420977804
2024-05-17,GLD,182.40738565923797,14480668.36325418,-0.006336532718108648,0.006336532718108648
2024-05-20,GLD,183.15308399593735,11500738.546542166,0.0040880928916575444,0.0040880928916575444
2024-05-21,GLD,181.17643303252908,14925197.116078239,-0.010792343324407892,0.010792343324407892
2024-05-22,GLD,181.4129231482075,13996629.176184114,0.0013053028571104956,0.0013053028571104956
2024-05-23,GLD,179.92437903630397,13448407.81185274,-0.008205281553660062,0.008205281553660062
2024-05-24,GLD,179.007114718086,12728423.912575172,-0.005098054655688916,0.005098054655688916
2024-05-27,GLD,175.2041277967213,12134021.051821193,-0.021244892569515714,0.021244892569515714
2024-05-28,GLD,175.52921103319045,13443428.848896058,0.0018554542096539083,0.0018554542096539083
2024-05-29,GLD,175.9038661849277,13084231.729892693,0.0021344319246463443,0.0021344319246463443
2024-05-30,GLD,175.67762170255082,13803960.134517746,-0.0012861825455219651,0.0012861825455219651
2024-05-31,GLD,174.76303672681237,12954246.378765317,-0.005206041423346342,0.005206041423346342
2024-06-03,GLD,175.11723939254395,10495834.029123299,0.0020267596189991652,0.0020267596189991652
2024-06-04,GLD,177.2243327013468,11345482.215874713,0.012032472166144562,0.012032472166144562
2024-06-05,GLD,178.50649444205672,14104619.389428651,0.007234682287508282,0.007234682287508282
2024-06-06,GLD,177.51886763707236,15179961.743140839,-0.005532721977826775,0.005532721977826775
2024-06-07,GLD,177.90154464233922,11811364.32432626,0.0021556976470199327,0.0021556976470199327
2024-06-10,GLD,177.57846882074912,12050264.612417974,-0.0018160371920301972,0.0018160371920301972
2024-06-11,GLD,178.38888213023827,12871917.156671165,0.004563691278964614,0.004563691278964614
2024-06-12,GLD,177.2774107910785,12841584.147241151,-0.006230608801888864,0.006230608801888864
2024-06-13,GLD,179.4434592545089,13501019.642796699,0.01221841211333516,0.01221841211333516
2024-06-14,GLD,178.35920180679395,12121463.276054082,-0.006042334739975815,0.006042334739975815
2024-06-17,GLD,176.9705227638204,12942560.932603037,-0.007785855895889214,0.007785855895889214
2024-06-18,GLD,177.5127281532784,11435513.025675325,0.003063817527292847,0.003063817527292847
2024-06-19,GLD,179.90721898644256,12943030.392570704,0.0134891219242406,0.0134891219242406
2024-06-20,GLD,177.52631871609935,14191674.590760756,-0.013234045213731114,0.013234045213731114
2024-06-21,GLD,177.66577175332577,12121486.682970265,0.0007855344392593123,0.0007855344392593123
2024-06-24,GLD,178.6212592817207,11520770.210030038,0.005378005673043044,0.005378005673043044
2024-06-25,GLD,182.55475582473522,14311199.534201045,0.02202143551575026,0.02202143551575026
2024-06-26,GLD,180.40962504262518,11347636.564312005,-0.011750615712085456,0.011750615712085456
2024-06-27,GLD,182.10687986858855,11789361.408212213,0.009407784233032842,0.009407784233032842
2024-06-28,GLD,181.0978708227421,10959236.531560294,-0.005540751928617887,0.005540751928617887
2024-07-01,GLD,180.67918428367886,12577009.532401783,-0.0023119351826782907,0.0023119351826782907
2024-07-02,GLD,182.12905897673357,13647019.50195434,0.008024580688710347,0.008024580688710347
2024-07-03,GLD,182.27206241008986,11507493.6145774,0.0007851763697662201,0.0007851763697662201
2024-07-04,GLD,180.3380696208212,11539913.662286326,-0.01061047295837053,0.01061047295837053
2024-07-05,GLD,180.0812032870589,12779622.467989668,-0.0014243600050859821,0.0014243600050859821
2024-07-08,GLD,179.57990746569328,12563070.127078256,-0.002783720967071347,0.002783720967071347
2024-07-09,GLD,179.89544258545038,10022446.502589067,0.0017570736292833046,0.0017570736292833046
2024-07-10,GLD,178.5875660981441,14113464.621920982,-0.007270203561077147,0.007270203561077147
2024-07-11,GLD,177.64144929391722,13850054.146784754,-0.005297775342920249,0.005297775342920249
2024-07-12,GLD,177.2033148561459,11783890.558078744,-0.00246639756381612,0.00246639756381612
2024-07-15,GLD,177.27974952391477,11879973.812416658,0.0004313388145752909,0.0004313388145752909
2024-07-16,GLD,177.07629779915166,11888980.195084166,-0.001147630935340741,0.001147630935340741
2024-07-17,GLD,177.7254942257362,11559261.839796046,0.0036661960671942628,0.0036661960671942628
2024-07-18,GLD,178.67565434812917,13039125.803171732,0.0053462229858036656,0.0053462229858036656
2024-07-19,GLD,179.17940863841977,11149234.469109263,0.002819378454935321,0.002819378454935321
2024-07-22,GLD,178.26100284548005,11906058.035222577,-0.005125621297216399,0.005125621297216399
2024-07-23,GLD,176.06729090570153,13168107.66271388,-0.012306179729506272,0.012306179729506272
2024-07-24,GLD,174.83310725226852,10205456.5588465,-0.007009727059945594,0.007009727059945594
2024-07-25,GLD,173.8903845609722,11616131.11468375,-0.005392129134535471,0.005392129134535471
2024-07-26,GLD,173.53516677961963,10385779.592059305,-0.002042768392567582,0.002042768392567582
2024-07-29,GLD,174.80719961865114,11827158.8671813,0.007330115633835162,0.007330115633835162
2024-07-30,GLD,174.68605757052433,11225882.057137668,-0.000693003768672523,0.000693003768672523
2024-07-31,GLD,173.3271504500106,12221516.712198468,-0.007779138984604525,0.007779138984604525
2024-08-01,GLD,171.46699778755135,12959360.518514875,-0.010732032792495157,0.010732032792495157
2024-08-02,GLD,171.26670705781206,10559570.843248088,-0.0011681007559685233,0.0011681007559685233
2024-08-05,GLD,170.87305382294483,12449644.728260908,-0.0022984807825746118,0.0022984807825746118
2024-08-06,GLD,169.36596282492195,10221716.084003432,-0.008819945358877368,0.008819945358877368
2024-08-07,GLD,167.08136371468788,14463813.821995884,-0.01348912775700816,0.01348912775700816
2024-08-08,GLD,166.56248076798772,11952558.327084104,-0.0031055704548008304,0.0031055704548008304
2024-08-09,GLD,167.02308159692447,13228855.247009173,0.0027653336262344003,0.0027653336262344003
2024-08-12,GLD,167.24214433440093,9469377.147010256,0.0013115716425657143,0.0013115716425657143
2024-08-13,GLD,165.22954113270484,15089946.953858986,-0.012034067188661979,0.012034067188661979
2024-08-14,GLD,164.58630825534175,,-0.003892965343566828,0.003892965343566828
2024-08-15,GLD,164.26409109971684,12444712.905708876,-0.0019577397357076376,0.0019577397357076376
2024-08-16,GLD,162.92311292985156,12633167.513235418,-0.008163550298106604,0.008163550298106604
2024-08-19,GLD,162.7421951076964,11789239.17477877,-0.0011104490879266424,0.0011104490879266424
2024-08-20,GLD,161.83709267960387,11588328.794706995,-0.0055615719543023025,0.0055615719543023025
2024-08-21,GLD,162.96689977395715,9730988.185521523,0.006981138104044025,0.006981138104044025
2024-08-22,GLD,162.04555547144818,14245607.369682835,-0.005653567097287393,0.005653567097287393
2024-08-23,GLD,164.0853328890321,16073976.538744282,0.012587678888504126,0.012587678888504126
2024-08-26,GLD,165.35960967614028,11582988.642529307,0.007765939616126325,0.007765939616126325
2024-08-27,GLD,165.82487894225773,14167074.392764088,0.0028136814487447147,0.0028136814487447147
2024-08-28,GLD,166.14078103203522,13426765.355236134,0.0019050343458264347,0.0019050343458264347
2024-08-29,GLD,167.9961074947204,13322203.065093651,0.011167194779994583,0.011167194779994583
2024-08-30,GLD,167.50354147679252,11900533.049716707,-0.002932008516586417,0.002932008516586417
2024-09-02,GLD,168.06949089072526,13037862.077485625,0.003378731034239877,0.003378731034239877
2024-09-03,GLD,167.74541520085748,11126727.941811835,-0.0019282243799887359,0.0019282243799887359
2024-09-04,GLD,169.8209345725825,12389879.680349737,0.012373031890259406,0.012373031890259406
2024-09-05,GLD,169.42862582154893,11315151.202556608,-0.002310131857541404,0.002310131857541404
2024-09-06,GLD,169.10385044612417,11004537.5001983,-0.0019168860861024204,0.0019168860861024204
2024-09-09,GLD,165.54657212677287,12755388.01130482,-0.021036057487553186,0.021036057487553186
2024-01-02,VNQ,85.4973796774251,5838982.824834859,0.005851525616765962,0.005851525616765962
2024-01-03,VNQ,86.06527109073043,7072064.478927624,0.006642208398057862,0.006642208398057862
2024-01-04,VNQ,85.2374866777435,6180312.153927883,-0.009618100338222135,0.009618100338222135
2024-01-05,VNQ,85.10974650915509,5882341.142305279,-0.0014986383757579738,0.0014986383757579738
2024-01-08,VNQ,84.86921164193397,6827155.3086702,-0.0028261729953013926,0.0028261729953013926
2024-01-09,VNQ,83.18644517024029,8075690.882323302,-0.019827761318124734,0.019827761318124734
2024-01-10,VNQ,84.15852482131861,7170701.555351556,0.01168555344670604,0.01168555344670604
2024-01-11,VNQ,83.08933305692891,5180348.68971488,-0.012704497454770671,0.012704497454770671
2024-01-12,VNQ,84.07811318422898,6752406.218752942,0.011900205368390829,0.011900205368390829
2024-01-15,VNQ,81.87365195385816,7343099.482107134,-0.026219204343233726,0.026219204343233726
2024-01-16,VNQ,81.12723506217552,7076209.164391985,-0.009116692291963388,0.009116692291963388
2024-01-17,VNQ,81.7682595094414,7187569.600795153,0.007901470409716558,0.007901470409716558
2024-01-18,VNQ,82.12528209654715,6997303.099493556,0.004366273530189571,0.004366273530189571
2024-01-19,VNQ,82.54630789085556,6601747.954430779,0.005126628287418933,0.005126628287418933
2024-01-22,VNQ,82.47419059196247,7723088.412479033,-0.0008736586860850373,0.0008736586860850373
2024-01-23,VNQ,84.31162706023353,6838609.559011931,0.022278926959849805,0.022278926959849805
2024-01-24,VNQ,84.34464660571125,5578928.09509614,0.00039163691449257704,0.00039163691449257704
2024-01-25,VNQ,84.63309219872164,5309535.93891978,0.0034198447040604545,0.0034198447040604545
2024-01-26,VNQ,83.93342372575876,6099256.256879622,-0.008267079162368771,0.008267079162368771
2024-01-29,VNQ,83.17409623482376,7053397.063728464,-0.009046783238772498,0.009046783238772498
2024-01-30,VNQ,84.41464958798429,6698571.3271564795,0.01491514076279336,0.01491514076279336
2024-01-31,VNQ,85.6806822267309,7909921.16666192,0.014997783499972118,0.014997783499972118
2024-02-01,VNQ,83.95882438901373,,-0.02009621997594205,0.02009621997594205
2024-02-02,VNQ,83.43360445482847,5924011.466860685,-0.006255684712207283,0.006255684712207283
2024-02-05,VNQ,84.577938313535,7966744.196051179,0.013715503077972225,0.013715503077972225
2024-02-06,VNQ,84.65581180543518,5952716.11751581,0.0009207305528244755,0.0009207305528244755
2024-02-07,VNQ,85.56440863775838,7475598.46627498,0.010732834674262417,0.010732834674262417
2024-02-08,VNQ,83.8592679328189,5277895.144347924,-0.019928153914535607,0.019928153914535607
2024-02-09,VNQ,84.03308673908784,5256935.178054679,0.0020727441409120564,0.0020727441409120564
2024-02-12,VNQ,84.0525632647893,5702166.610810863,0.0002317721085498444,0.0002317721085498444
2024-02-13,VNQ,84.1204577958078,5381831.798096024,0.0008077627663135323,0.0008077627663135323
2024-02-14,VNQ,83.52445748487109,6553669.225683859,-0.0070850816383265305,0.0070850816383265305
2024-02-15,VNQ,83.49796860734232,6133499.597020491,-0.00031713917487671145,0.00031713917487671145
2024-02-16,VNQ,85.14743500635016,7087779.994015475,0.01975456920113398,0.01975456920113398
2024-02-19,VNQ,84.14431199655189,5900385.635104756,-0.011781012660257615,0.011781012660257615
2024-02-20,VNQ,84.09263050572117,5486651.197350765,-0.0006142006465373025,0.0006142006465373025
2024-02-21,VNQ,83.81914787339564,5729105.021718567,-0.00325215932336588,0.00325215932336588
2024-02-22,VNQ,83.58359992940024,7380876.864686388,-0.0028101925391937695,0.0028101925391937695
2024-02-23,VNQ,85.26899095556927,6668015.62541016,0.020164135399679057,0.020164135399679057
2024-02-26,VNQ,86.77865198986962,7580504.069363022,0.017704689798510462,0.017704689798510462
2024-02-27,VNQ,86.4401689993006,5620944.33099966,-0.0039005329399278204,0.0039005329399278204
2024-02-28,VNQ,86.96523959473285,5303358.030432654,0.006074381870267912,0.006074381870267912
2024-02-29,VNQ,86.1933283177987,6497611.235344864,-0.008876089809346144,0.008876089809346144
2024-03-01,VNQ,86.51841787904587,6935213.769825053,0.003771632533420188,0.003771632533420188
2024-03-04,VNQ,86.17917085804865,5057734.156782787,-0.0039210959852674825,0.0039210959852674825
2024-03-05,VNQ,87.61023206978717,6287155.316494441,0.016605650733118645,0.016605650733118645
2024-03-06,VNQ,88.0719920487338,6708486.225039711,0.005270617004858717,0.005270617004858717
2024-03-07,VNQ,87.06172420084945,6276117.502824352,-0.011470932181542113,0.011470932181542113
2024-03-08,VNQ,85.34681377608757,6579525.714103323,-0.01969763912331464,0.01969763912331464
2024-03-11,VNQ,84.3056860856528,7132034.056763053,-0.012198788031691967,0.012198788031691967
2024-03-12,VNQ,86.3032397987532,7120651.702276965,0.023694175397267255,0.023694175397267255
2024-03-13,VNQ,85.38878658812025,6574240.381031093,-0.010595815554147372,0.010595815554147372
2024-03-14,VNQ,84.0620941848614,6251867.010561568,-0.015537079940698553,0.015537079940698553
2024-03-15,VNQ,83.44793451073197,6504393.366707029,-0.007306023958656238,0.007306023958656238
2024-03-18,VNQ,83.01081511739,5841047.299867492,-0.0052382290335269465,0.0052382290335269465
2024-03-19,VNQ,83.59868475215468,7448671.4220159855,0.007081843901103191,0.007081843901103191
2024-03-20,VNQ,82.91236893678767,4371487.063812917,-0.008209648481931623,0.008209648481931623
2024-03-21,VNQ,84.46780221468475,6865400.458299597,0.01875996667135323,0.01875996667135323
2024-03-22,VNQ,84.4970897736422,6550729.595173194,0.00034673044863900383,0.00034673044863900383
2024-03-25,VNQ,84.80416930454632,5478740.670148633,0.0036342024527322016,0.0036342024527322016
2024-03-26,VNQ,86.1693843325456,7155026.967532679,0.016098442319463967,0.016098442319463967
2024-03-27,VNQ,86.36609091994987,5584129.9736233745,0.002282789750999609,0.002282789750999609
2024-03-28,VNQ,86.7011449798781,6686542.230595908,0.0038794630665728125,0.0038794630665728125
2024-03-29,VNQ,87.34595805923838,7681177.206070924,0.0074371922021323885,0.0074371922021323885
2024-04-01,VNQ,86.6648559397212,6137165.393645549,-0.0077977520042225865,0.0077977520042225865
2024-04-02,VNQ,86.17397131092446,8128020.682434473,-0.005664171750751805,0.005664171750751805
2024-04-03,VNQ,86.85118765413813,6297506.763148505,0.00785871108075301,0.00785871108075301
2024-04-04,VNQ,86.12300376555828,4739101.497312144,-0.008384270938005417,0.008384270938005417
2024-04-05,VNQ,85.60074975526672,5939742.71591128,-0.0060640477858067325,0.0060640477858067325
2024-04-08,VNQ,86.51553040728915,6529541.492674944,0.010686596258067843,0.010686596258067843
2024-04-09,VNQ,87.114552551869,6441617.628983899,0.006923868370913544,0.006923868370913544
2024-04-10,VNQ,87.4712703699305,6137679.877970613,0.0040948131811744835,0.0040948131811744835
2024-04-11,VNQ,86.39079641173252,6799214.974593702,-0.012352329554932377,0.012352329554932377
2024-04-12,VNQ,88.31174966274051,6749707.817217441,0.022235623825631365,0.022235623825631365
2024-04-15,VNQ,88.1891068210998,7078768.211563342,-0.0013887488596828032,0.0013887488596828032
2024-04-16,VNQ,87.90340325027077,6352378.352512499,-0.003239669627322579,0.003239669627322579
2024-04-17,VNQ,87.75173038943406,5946524.334093465,-0.0017254492457461968,0.0017254492457461968
2024-04-18,VNQ,86.95507078803044,7917533.597485131,-0.009078562871274573,0.009078562871274573
2024-04-19,VNQ,86.71316801700179,5223085.71473015,-0.0027819282859114195,0.0027819282859114195
2024-04-22,VNQ,88.65975134178183,5511506.860229648,0.022448531973810082,0.022448531973810082
2024-04-23,VNQ,87.1943659830142,6134247.586123656,-0.016528191615591135,0.016528191615591135
2024-04-24,VNQ,89.37864165442835,5164701.2246377375,0.025050651458829908,0.025050651458829908
2024-04-25,VNQ,88.44932801114834,6802377.172744419,-0.010397491235916073,0.010397491235916073
2024-04-26,VNQ,87.52905726482724,6174227.502523311,-0.01040449675553334,0.01040449675553334
2024-04-29,VNQ,88.86732995591467,8508188.661155824,0.015289467668300966,0.015289467668300966
2024-04-30,VNQ,90.76807956911513,6133948.321407932,0.02138862070170644,0.02138862070170644
2024-05-01,VNQ,90.37521241490137,5329228.979102691,-0.004328252355659988,0.004328252355659988
2024-05-02,VNQ,91.21382000773535,6895773.812570428,0.009279177004685958,0.009279177004685958
2024-05-03,VNQ,90.42767156178155,6829393.577231285,-0.008618742706830282,0.008618742706830282
2024-05-06,VNQ,90.06523604671533,6646913.610234075,-0.0040080155643354275,0.0040080155643354275
2024-05-07,VNQ,89.30390592377945,5895219.616886361,-0.00845309640382192,0.00845309640382192
2024-05-08,VNQ,89.42079210121426,5613472.516653748,0.0013088585121301124,0.0013088585121301124
2024-05-09,VNQ,88.75785309283798,6703273.920279337,-0.007413700916738807,0.007413700916738807
2024-05-10,VNQ,88.86440452598707,5906522.091527885,0.0012004733038962487,0.0012004733038962487
2024-05-13,VNQ,88.4942028313653,6581652.144861429,-0.004165916562390346,0.004165916562390346
2024-05-14,VNQ,88.45928014632484,,-0.0003946324609195727,0.0003946324609195727
2024-05-15,VNQ,88.48704371228973,5781708.268976647,0.0003138570189465588,0.0003138570189465588
2024-05-16,VNQ,87.77928400852595,6751450.574053871,-0.007998455752064877,0.007998455752064877
2024-05-17,VNQ,87.3543170624955,4901662.03946678,-0.004841312512747163,0.004841312512747163
2024-05-20,VNQ,86.18408426189609,7909631.050657179,-0.013396393446269974,0.013396393446269974
2024-05-21,VNQ,86.60789867095725,7423656.693025,0.004917548439376461,0.004917548439376461
2024-05-22,VNQ,87.2567890803485,6427380.71316638,0.007492277486797481,0.007492277486797481
2024-05-23,VNQ,86.83724064902833,6030005.654215181,-0.004808203874358039,0.004808203874358039
2024-05-24,VNQ,86.49268716545407,6271271.9864773685,-0.00396780783220471,0.00396780783220471
2024-05-27,VNQ,85.89278477038786,6489376.765778319,-0.006935874173022657,0.006935874173022657
2024-05-28,VNQ,85.38377101450511,6208828.307950437,-0.005926152670954539,0.005926152670954539
2024-05-29,VNQ,85.44481065576062,5594046.888827613,0.000714885750889677,0.000714885750889677
2024-05-30,VNQ,83.7684213167348,7087356.993183497,-0.019619557070348556,0.019619557070348556
2024-05-31,VNQ,82.34010476712926,7795747.513141015,-0.017050775544700292,0.017050775544700292
2024-06-03,VNQ,82.32098730482153,4792384.744463212,-0.00023217680329409843,0.00023217680329409843
2024-06-04,VNQ,83.04416367834683,6014270.990842464,0.00878483600843479,0.00878483600843479
2024-06-05,VNQ,82.32065700792899,5790742.287300928,-0.008712312080355219,0.008712312080355219
2024-06-06,VNQ,82.96134651103237,5536766.08197685,0.00778285215874405,0.00778285215874405
2024-06-07,VNQ,83.741649611421,6394249.226250666,0.009405622415794207,0.009405622415794207
2024-06-10,VNQ,83.75477463705268,4624942.657516267,0.00015673235113686124,0.00015673235113686124
2024-06-11,VNQ,85.72786343750555,6655005.866087938,0.02355792620782693,0.02355792620782693
2024-06-12,VNQ,85.52651890785799,6758913.6719247345,-0.0023486474708931926,0.0023486474708931926
2024-06-13,VNQ,85.56420193049057,6707922.803842744,0.000440600449004375,0.000440600449004375
2024-06-14,VNQ,84.40301976166273,7132680.068692978,-0.013570887621567973,0.013570887621567973
2024-06-17,VNQ,83.35844364541047,6797505.190185303,-0.012376051463584233,0.012376051463584233
2024-06-18,VNQ,83.36617203834408,6637668.864221439,9.27127786416204e-05,9.27127786416204e-05
2024-06-19,VNQ,83.80838680331348,6352811.391142816,0.005304486869878176,0.005304486869878176
2024-06-20,VNQ,83.52069481417928,6532907.636782638,-0.0034327350770917914,0.0034327350770917914
2024-06-21,VNQ,83.37435471202603,,-0.0017521418192081872,0.0017521418192081872
2024-06-24,VNQ,83.37159027413631,7207327.65301253,-3.31569329594022e-05,3.31569329594022e-05
2024-06-25,VNQ,83.96251756885968,7165476.667504425,0.007087873612346006,0.007087873612346006
2024-06-26,VNQ,82.28103678501846,7654814.80060929,-0.020026564621078796,0.020026564621078796
2024-06-27,VNQ,82.88975135635395,5309476.841588023,0.007397993451710312,0.007397993451710312
2024-06-28,VNQ,82.0056066343309,6701934.381351237,-0.010666514346532435,0.010666514346532435
2024-07-01,VNQ,82.33116838204177,6329840.8383056065,0.00396999377326192,0.00396999377326192
2024-07-02,VNQ,82.92285081767773,5944177.206783264,0.007186615315482408,0.007186615315482408
2024-07-03,VNQ,81.5155721322593,5963078.88109031,-0.016970939512349854,0.016970939512349854
2024-07-04,VNQ,82.38991120253954,7011915.291838818,0.010726037337524006,0.010726037337524006
2024-07-05,VNQ,82.31253426444572,6128363.066816124,-0.0009391554980998486,0.0009391554980998486
2024-07-08,VNQ,81.68678344312896,6121426.763147135,-0.007602132857511051,0.007602132857511051
2024-07-09,VNQ,83.15236475754166,5945780.799244321,0.01794147416066458,0.01794147416066458
2024-07-10,VNQ,81.8430675720908,6109485.740601186,-0.015745760078724767,0.015745760078724767
2024-07-11,VNQ,80.33193587721003,,-0.01846377145565445,0.01846377145565445
2024-07-12,VNQ,80.35045583207892,6251171.466710371,0.00023054286774795658,0.00023054286774795658
2024-07-15,VNQ,80.58395412507144,7468655.971829253,0.0029059983614841125,0.0029059983614841125
2024-07-16,VNQ,80.23556146923224,6340700.165828318,-0.004323350220547301,0.004323350220547301
2024-07-17,VNQ,80.59093832508385,4878098.632645667,0.004429168928890643,0.004429168928890643
2024-07-18,VNQ,78.34226092707559,7554872.3865449065,-0.027902360299338756,0.027902360299338756
2024-07-19,VNQ,79.05526771273045,6747403.149587654,0.009101177030345903,0.009101177030345903
2024-07-22,VNQ,79.06225923077602,5312723.317711556,8.843835771931292e-05,8.843835771931292e-05
2024-07-23,VNQ,77.976885547189,,-0.013728088397005121,0.013728088397005121
2024-07-24,VNQ,76.80667056665999,6627260.527330111,-0.015007203382351456,0.015007203382351456
2024-07-25,VNQ,77.0671936706116,6703986.233604661,0.0033919333051352315,0.0033919333051352315
2024-07-26,VNQ,77.2753529838132,6406643.74112229,0.0027010106802550235,0.0027010106802550235
2024-07-29,VNQ,76.58954976895363,7656208.517985155,-0.008874798863788029,0.008874798863788029
2024-07-30,VNQ,76.56157825123918,5896396.724465783,-0.000365213241216785,0.000365213241216785
2024-07-31,VNQ,76.47466236906114,6028730.951498987,-0.0011352415162188606,0.0011352415162188606
2024-08-01,VNQ,77.27150818393952,5770926.4010183485,0.010419736291647273,0.010419736291647273
2024-08-02,VNQ,76.37099839116574,7253748.560797474,-0.011653839997922157,0.011653839997922157
2024-08-05,VNQ,77.12210324878993,6536059.548040355,0.00983494878222078,0.00983494878222078
2024-08-06,VNQ,77.11395049094605,6377710.534009573,-0.00010571233797378239,0.00010571233797378239
2024-08-07,VNQ,77.06499853442043,4561480.530478347,-0.0006348002691337421,0.0006348002691337421
2024-08-08,VNQ,77.43097629322006,4970331.03460586,0.004748949143704425,0.004748949143704425
2024-08-09,VNQ,76.93488617150064,6497259.975776427,-0.00640686900086076,0.00640686900086076
2024-08-12,VNQ,75.64311436161105,7150857.026008934,-0.016790455853928316,0.016790455853928316
2024-08-13,VNQ,74.2002659810615,6407070.301956923,-0.019074417978773864,0.019074417978773864
2024-08-14,VNQ,74.95645622151753,6137058.435102407,0.010191206600917501,0.010191206600917501
2024-08-15,VNQ,73.44526185145888,7394297.871952436,-0.020160963394435884,0.020160963394435884
2024-08-16,VNQ,74.21421193607135,5781932.376644132,0.010469703085376087,0.010469703085376087
2024-08-19,VNQ,73.56192367558329,6314735.655899949,-0.008789263450644074,0.008789263450644074
2024-08-20,VNQ,74.38355543838259,5708134.804171416,0.01116925335480339,0.01116925335480339
2024-08-21,VNQ,73.55652103463353,5959619.329036248,-0.011118511327872138,0.011118511327872138
2024-08-22,VNQ,73.73741693602008,6662629.306829181,0.0024592775574769276,0.0024592775574769276
2024-08-23,VNQ,73.82257109158195,4854080.138949222,0.0011548296523018061,0.0011548296523018061
2024-08-26,VNQ,74.3943910050178,5718950.125282643,0.0077458683026152934,0.0077458683026152934
2024-08-27,VNQ,74.00832880236554,4561314.707758251,-0.00518939932751409,0.00518939932751409
2024-08-28,VNQ,74.31614677091939,6344617.713389815,0.0041592341501975934,0.0041592341501975934
2024-08-29,VNQ,75.55111903014915,6783831.922013353,0.01661781877680724,0.01661781877680724
2024-08-30,VNQ,74.36157914962818,9309864.999586595,-0.015744834699884094,0.015744834699884094
2024-09-02,VNQ,75.15618189547021,6083743.065953273,0.010685662608685977,0.010685662608685977
2024-09-03,VNQ,74.2291869921128,6628477.091367963,-0.012334246897303898,0.012334246897303898
2024-09-04,VNQ,74.97905302617185,7247311.174815433,0.010102037546750094,0.010102037546750094
2024-09-05,VNQ,74.62039445508583,6661513.198478743,-0.004783450265247159,0.004783450265247159
2024-09-06,VNQ,75.76779769123534,6361248.457539466,0.015376536730050837,0.015376536730050837
2024-09-09,VNQ,75.51631391021495,7053947.295505667,-0.0033191380597496524,0.0033191380597496524
